lead_id,lead_nome,canal,ultima_interacao_dias,intervalo_regua_dias,horario_inicio,horario_fim,limite_tentativas,excecao,motivo_excecao
L001,Lead Alfa Sintetico,whatsapp,5,3,09:00,18:00,5,nao,
L002,Lead Bravo Sintetico,whatsapp,10,3,09:00,18:00,5,nao,
L003,Lead Charlie Sintetico,whatsapp,2,3,09:00,18:00,5,nao,
L004,Lead Delta Sintetico,whatsapp,7,3,09:00,18:00,5,sim,cliente pediu pausa ate proximo trimestre
L005,Lead Eco Sintetico,whatsapp,30,3,09:00,18:00,5,nao,
L006,Lead Foxtrot Sintetico,whatsapp,4,3,09:00,18:00,5,nao,
L007,Lead Golf Sintetico,whatsapp,21,3,09:00,18:00,5,sim,conta compartilhada em revisao juridica
L008,Lead Hotel Sintetico,whatsapp,6,3,09:00,18:00,5,nao,
L009,Lead India Sintetico,whatsapp,45,3,09:00,18:00,5,nao,
L010,Lead Juliet Sintetico,whatsapp,3,3,09:00,18:00,5,nao,
