contato_id,nome,produto,estagio,inatividade_dias,opt_out,bloqueado,inelegivel,origem,motivo_supressao
C001,Contato Alfa Sintetico,Automec,perdido,120,nao,nao,nao,meta-ads,
C002,Contato Bravo Sintetico,Hiper,agendado,90,nao,nao,nao,google-ads,
C003,Contato Charlie Sintetico,Automec,qualificado,200,sim,nao,nao,meta-ads,opt-out registrado na conversa
C004,Contato Delta Sintetico,Climb,nutricao,150,nao,sim,nao,site,bloqueio solicitado pelo contato
C005,Contato Eco Sintetico,Hiper,perdido,300,nao,nao,nao,indicacao,
C006,Contato Foxtrot Sintetico,Automec,qualificado,180,nao,nao,sim,meta-ads,fora do ICP vigente do produto
C007,Contato Golf Sintetico,Climb,perdido,95,nao,nao,nao,google-ads,
C008,Contato Hotel Sintetico,Hiper,nutricao,210,sim,sim,nao,site,opt-out e bloqueio simultaneos
C009,Contato India Sintetico,Automec,perdido,150,nao,nao,nao,meta-ads,
C010,Contato Juliet Sintetico,Climb,qualificado,240,nao,nao,nao,indicacao,